Position ID,Action,Long / Short,Amount,Units / Contracts,Open Date,Close Date,Leverage,Spread Fees (USD),Market Spread (USD),Profit(USD),FX rate at open (USD),FX rate at close (USD),Open Rate,Close Rate,Take profit rate,Stop loss rate,Overnight Fees and Dividends,Copied From,Type,ISIN,Notes
3103266498,NASDAQ100 Index (Non Expiry) (NSDQ100),Long," 119,99 ",0.101013,15/08/2025 13:42:21,15/08/2025 14:14:12,20," 0,36 ",0.00," 1,06 ",-,-," 23.759,24 "," 23.769,77 "," 24.357,30 "," 23.169,14 "," 0,00 ",-,CFD,US6311011026,
3103144560,NASDAQ100 Index (Non Expiry) (NSDQ100),Long," 101,99 ",0.085623,15/08/2025 11:05:53,15/08/2025 11:39:28,20," 0,30 ",0.00," 0,10 ",-,-," 23.825,10 "," 23.826,31 "," 24.420,73 "," 23.229,47 "," 0,00 ",-,CFD,US6311011026,
3103110512,NASDAQ100 Index (Non Expiry) (NSDQ100),Long," 150,00 ",0.12603,15/08/2025 09:46:32,15/08/2025 11:05:42,20," 0,46 ",0.00," 2,28 ",-,-," 23.803,60 "," 23.821,71 "," 24.398,49 "," 23.208,51 "," 0,00 ",-,CFD,US6311011026,
3102865436,NASDAQ100 Index (Non Expiry) (NSDQ100),Long," 149,99 ",0.126116,14/08/2025 20:18:14,15/08/2025 03:37:56,20," 0,45 ",0.00," 4,21 ",-,-," 23.786,79 "," 23.820,21 "," 24.382,48 "," 23.193,10 ","(0,72)",-,CFD,US6311011026,
3102606069,NASDAQ100 Index (Non Expiry) (NSDQ100),Long," 129,99 ",0.109298,14/08/2025 15:39:21,14/08/2025 17:16:36,20," 0,39 ",0.00," 8,46 ",-,-," 23.788,24 "," 23.865,66 "," 24.383,30 "," 23.193,88 "," 0,00 ",-,CFD,US6311011026,
3102557740,NASDAQ100 Index (Non Expiry) (NSDQ100),Long," 119,99 ",0.100598,14/08/2025 15:03:13,14/08/2025 17:16:36,20," 0,36 ",0.00," 0,81 ",-,-," 23.857,65 "," 23.865,66 "," 24.453,91 "," 23.261,22 "," 0,00 ",-,CFD,US6311011026,
3102180474,NASDAQ100 Index (Non Expiry) (NSDQ100),Long," 60,02 ",0.050291,14/08/2025 12:19:28,14/08/2025 14:46:17,20," 0,18 ",0.00," 1,01 ",-,-," 23.871,00 "," 23.891,16 "," 24.467,62 "," 23.274,22 "," 0,00 ",-,CFD,US6311011026,
3102463076,NASDAQ100 Index (Non Expiry) (NSDQ100),Long," 101,99 ",0.085632,14/08/2025 14:13:36,14/08/2025 14:34:30,20," 0,30 ",0.00," 4,67 ",-,-," 23.822,65 "," 23.877,16 "," 24.419,11 "," 23.227,93 "," 0,00 ",-,CFD,US6311011026,
3102312020,NASDAQ100 Index (Non Expiry) (NSDQ100),Long," 119,99 ",0.100926,14/08/2025 13:32:32,14/08/2025 14:12:35,20," 0,36 ",0.00," 4,09 ",-,-," 23.779,84 "," 23.820,36 "," 24.375,19 "," 23.186,15 "," 0,00 ",-,CFD,US6311011026,
3102237000,NASDAQ100 Index (Non Expiry) (NSDQ100),Long," 100,99 ",0.085037,14/08/2025 13:15:11,14/08/2025 13:32:03,20," 0,30 ",0.00," 1,27 ",-,-," 23.753,89 "," 23.768,87 "," 24.347,02 "," 23.160,04 "," 0,00 ",-,CFD,US6311011026,
3102229424,NASDAQ100 Index (Non Expiry) (NSDQ100),Long," 99,99 ",0.084254,14/08/2025 13:07:27,14/08/2025 13:14:09,20," 0,30 ",0.00," 1,04 ",-,-," 23.737,69 "," 23.750,02 "," 24.330,41 "," 23.144,25 "," 0,00 ",-,CFD,US6311011026,
3102197757,NASDAQ100 Index (Non Expiry) (NSDQ100),Short," 51,06 ",0.043051,14/08/2025 12:37:51,14/08/2025 13:07:19,20," 0,16 ",0.00,"(0,67)",-,-," 23.722,72 "," 23.738,39 "," 23.130,14 "," 24.315,75 "," 0,00 ",-,CFD,US6311011026,
3102193381,NASDAQ100 Index (Non Expiry) (NSDQ100),Short," 119,99 ",0.101246,14/08/2025 12:36:39,14/08/2025 12:58:21,20," 0,36 ",0.00,"(4,06)",-,-," 23.703,22 "," 23.743,29 "," 23.112,78 "," 24.295,83 "," 0,00 ",-,CFD,US6311011026,
3102214989,NASDAQ100 Index (Non Expiry) (NSDQ100),Short," 50,94 ",0.042947,14/08/2025 12:37:51,14/08/2025 12:55:26,20," 0,15 ",0.00,"(0,92)",-,-," 23.722,72 "," 23.744,19 "," 23.130,14 "," 24.315,75 "," 0,00 ",-,CFD,US6311011026,
3101370939,NASDAQ100 Index (Non Expiry) (NSDQ100),Long," 101,98 ",0.085372,13/08/2025 14:17:36,14/08/2025 12:52:19,20," 0,30 ",0.00,"(11,26)",-,-," 23.893,69 "," 23.761,82 "," 24.490,76 "," 23.296,43 ","(0,44)",-,CFD,US6311011026,
3102211405,NASDAQ100 Index (Non Expiry) (NSDQ100),Long," 59,97 ",0.050247,14/08/2025 12:19:28,14/08/2025 12:50:50,20," 0,18 ",0.00,"(5,06)",-,-," 23.871,00 "," 23.770,22 "," 24.467,62 "," 23.274,22 "," 0,00 ",-,CFD,US6311011026,
3102205173,NASDAQ100 Index (Non Expiry) (NSDQ100),Long," 75,05 ",0.063185,14/08/2025 12:44:42,14/08/2025 12:50:36,20," 0,22 ",0.00," 0,63 ",-,-," 23.754,89 "," 23.764,82 "," 24.347,17 "," 23.161,02 "," 0,00 ",-,CFD,US6311011026,
3102207667,NASDAQ100 Index (Non Expiry) (NSDQ100),Long," 74,95 ",0.063104,14/08/2025 12:44:42,14/08/2025 12:47:05,20," 0,22 ",0.00,"(0,55)",-,-," 23.754,89 "," 23.746,12 "," 24.347,17 "," 23.161,02 "," 0,00 ",-,CFD,US6311011026,
3102192490,NASDAQ100 Index (Non Expiry) (NSDQ100),Short," 119,99 ",0.101203,14/08/2025 12:35:53,14/08/2025 12:37:21,20," 0,36 ",0.00," 0,30 ",-,-," 23.712,32 "," 23.709,39 "," 23.122,63 "," 24.305,18 "," 0,00 ",-,CFD,US6311011026,
3102190417,NASDAQ100 Index (Non Expiry) (NSDQ100),Short," 101,00 ",0.085128,14/08/2025 12:34:36,14/08/2025 12:36:31,20," 0,30 ",0.00," 1,04 ",-,-," 23.730,02 "," 23.717,79 "," 23.140,90 "," 24.323,24 "," 0,00 ",-,CFD,US6311011026,
3099802247,NASDAQ100 Index (Non Expiry) (NSDQ100),Short," 199,98 ",0.168553,12/08/2025 15:14:15,14/08/2025 12:35:38,20," 0,60 ",0.00," 1,07 ",-,-," 23.730,12 "," 23.723,78 "," 23.700,00 "," 24.323,12 ","(0,22)",-,CFD,US6311011026,
3100080164,NASDAQ100 Index (Non Expiry) (NSDQ100),Short," 124,95 ",0.105015,12/08/2025 17:22:20,14/08/2025 12:31:11,20," 0,37 ",0.00," 2,38 ",-,-," 23.796,57 "," 23.773,89 "," 23.700,00 "," 24.391,07 ","(0,14)",-,CFD,US6311011026,
3102152394,NASDAQ100 Index (Non Expiry) (NSDQ100),Long," 150,00 ",0.125764,14/08/2025 11:35:54,14/08/2025 12:19:18,20," 0,46 ",0.00," 1,64 ",-,-," 23.854,20 "," 23.867,21 "," 24.450,66 "," 23.257,94 "," 0,00 ",-,CFD,US6311011026,
3102139335,NASDAQ100 Index (Non Expiry) (NSDQ100),Long," 119,99 ",0.100624,14/08/2025 11:22:45,14/08/2025 11:52:08,20," 0,36 ",0.00," 0,20 ",-,-," 23.851,10 "," 23.853,11 "," 24.447,38 "," 23.254,82 "," 0,00 ",-,CFD,US6311011026,
3102098937,NASDAQ100 Index (Non Expiry) (NSDQ100),Long," 119,99 ",0.100671,14/08/2025 09:48:26,14/08/2025 11:35:42,20," 0,36 ",0.00," 1,05 ",-,-," 23.839,80 "," 23.850,21 "," 24.436,00 "," 23.244,00 "," 0,00 ",-,CFD,US6311011026,
3102061173,NASDAQ100 Index (Non Expiry) (NSDQ100),Long," 150,00 ",0.125879,14/08/2025 08:44:43,14/08/2025 11:22:30,20," 0,46 ",0.00," 1,80 ",-,-," 23.832,30 "," 23.846,61 "," 24.428,11 "," 23.236,49 "," 0,00 ",-,CFD,US6311011026,
3101839401,NASDAQ100 Index (Non Expiry) (NSDQ100),Long," 101,97 ",0.085586,13/08/2025 22:00:56,14/08/2025 10:16:56,20," 0,30 ",0.00," 0,05 ",-,-," 23.830,80 "," 23.831,41 "," 24.426,57 "," 23.235,03 "," 0,00 ",-,CFD,US6311011026,
3101712040,NASDAQ100 Index (Non Expiry) (NSDQ100),Long," 101,98 ",0.085561,13/08/2025 18:00:30,13/08/2025 19:58:13,20," 0,30 ",0.00," 0,93 ",-,-," 23.840,05 "," 23.850,96 "," 24.434,89 "," 23.244,11 "," 0,00 ",-,CFD,US6311011026,
3101667061,NASDAQ100 Index (Non Expiry) (NSDQ100),Long," 101,99 ",0.085674,13/08/2025 17:01:08,13/08/2025 18:00:18,20," 0,30 ",0.00," 1,78 ",-,-," 23.810,95 "," 23.831,71 "," 24.405,78 "," 23.215,68 "," 0,00 ",-,CFD,US6311011026,
3101660318,NASDAQ100 Index (Non Expiry) (NSDQ100),Short," 125,05 ",0.105099,12/08/2025 17:22:20,13/08/2025 16:55:34,20," 0,38 ",0.00,"(0,26)",-,-," 23.796,57 "," 23.799,04 "," 23.700,00 "," 24.391,07 ","(0,04)",-,CFD,US6311011026,
3100195858,NASDAQ100 Index (Non Expiry) (NSDQ100),Short," 120,00 ",0.100792,12/08/2025 18:01:15,13/08/2025 16:54:03,20," 0,36 ",0.00," 1,09 ",-,-," 23.811,16 "," 23.800,38 "," 23.750,00 "," 24.406,34 ","(0,04)",-,CFD,US6311011026,
3100272249,NASDAQ100 Index (Non Expiry) (NSDQ100),Short," 100,99 ",0.084794,12/08/2025 19:30:46,13/08/2025 16:34:11,20," 0,30 ",0.00," 0,22 ",-,-," 23.821,76 "," 23.819,15 "," 12.159,12 "," 24.417,32 ","(0,03)",-,CFD,US6311011026,
3100469810,NASDAQ100 Index (Non Expiry) (NSDQ100),Short," 120,00 ",0.100559,13/08/2025 07:07:03,13/08/2025 15:35:34,20," 0,36 ",0.00," 2,99 ",-,-," 23.866,61 "," 23.836,85 "," 23.270,04 "," 24.463,27 "," 0,00 ",-,CFD,US6311011026,
3100283088,NASDAQ100 Index (Non Expiry) (NSDQ100),Short," 120,00 ",0.100777,12/08/2025 19:44:31,13/08/2025 15:16:12,20," 0,36 ",0.00," 1,43 ",-,-," 23.814,66 "," 23.800,48 "," 23.800,00 "," 24.409,82 ","(0,04)",-,CFD,US6311011026,
3100894004,NASDAQ100 Index (Non Expiry) (NSDQ100),Short," 149,99 ",0.125418,13/08/2025 12:44:46,13/08/2025 14:07:59,20," 0,44 ",0.00," 2,55 ",-,-," 23.920,11 "," 23.899,75 "," 23.322,01 "," 24.518,01 "," 0,00 ",-,CFD,US6311011026,
3100979729,NASDAQ100 Index (Non Expiry) (NSDQ100),Long," 100,98 ",0.084377,13/08/2025 13:31:17,13/08/2025 13:37:20,20," 0,30 ",0.00," 0,39 ",-,-," 23.937,60 "," 23.942,25 "," 24.536,10 "," 23.339,22 "," 0,00 ",-,CFD,US6311011026,
3100904478,NASDAQ100 Index (Non Expiry) (NSDQ100),Long," 101,99 ",0.085281,13/08/2025 13:00:13,13/08/2025 13:05:41,20," 0,30 ",0.00," 0,09 ",-,-," 23.920,70 "," 23.921,71 "," 24.518,77 "," 23.322,73 "," 0,00 ",-,CFD,US6311011026,
3100819642,NASDAQ100 Index (Non Expiry) (NSDQ100),Long," 101,99 ",0.085353,13/08/2025 12:22:01,13/08/2025 12:43:37,20," 0,30 ",0.00," 1,43 ",-,-," 23.900,60 "," 23.917,41 "," 24.498,12 "," 23.303,09 "," 0,00 ",-,CFD,US6311011026,
3100531149,NASDAQ100 Index (Non Expiry) (NSDQ100),Long," 119,99 ",0.100476,13/08/2025 07:45:30,13/08/2025 11:30:32,20," 0,36 ",0.00," 0,21 ",-,-," 23.885,70 "," 23.887,81 "," 24.483,05 "," 23.288,75 "," 0,00 ",-,CFD,US6311011026,
3100469644,NASDAQ100 Index (Non Expiry) (NSDQ100),Long," 101,99 ",0.085455,13/08/2025 07:06:41,13/08/2025 07:40:18,20," 0,30 ",0.00," 0,72 ",-,-," 23.872,00 "," 23.880,41 "," 24.468,80 "," 23.275,20 "," 0,00 ",-,CFD,US6311011026,
3100409795,NASDAQ100 Index (Non Expiry) (NSDQ100),Long," 101,99 ",0.085519,13/08/2025 05:25:58,13/08/2025 07:06:29,20," 0,30 ",0.00," 1,30 ",-,-," 23.854,10 "," 23.869,31 "," 24.450,66 "," 23.257,94 "," 0,00 ",-,CFD,US6311011026,
3099720721,NASDAQ100 Index (Non Expiry) (NSDQ100),Long," 59,96 ",0.050706,12/08/2025 14:29:58,12/08/2025 14:56:32,20," 0,18 ",0.00," 0,14 ",-,-," 23.652,33 "," 23.655,08 "," 24.241,59 "," 23.061,03 "," 0,00 ",-,CFD,US6311011026,
3099724308,NASDAQ100 Index (Non Expiry) (NSDQ100),Long," 60,03 ",0.050764,12/08/2025 14:29:58,12/08/2025 14:31:50,20," 0,18 ",0.00,"(0,06)",-,-," 23.652,33 "," 23.651,18 "," 24.241,59 "," 23.061,03 "," 0,00 ",-,CFD,US6311011026,
3099680853,NASDAQ100 Index (Non Expiry) (NSDQ100),Long," 129,99 ",0.110121,12/08/2025 14:08:31,12/08/2025 14:27:17,20," 0,38 ",0.00," 4,43 ",-,-," 23.611,13 "," 23.651,33 "," 35.425,61 "," 23.020,88 "," 0,00 ",-,CFD,US6311011026,
3099674693,NASDAQ100 Index (Non Expiry) (NSDQ100),Long," 199,98 ",0.169725,12/08/2025 14:05:06,12/08/2025 14:08:19,20," 0,60 ",0.00," 7,58 ",-,-," 23.566,23 "," 23.610,88 "," 24.156,07 "," 22.977,73 "," 0,00 ",-,CFD,US6311011026,
3099570409,NASDAQ100 Index (Non Expiry) (NSDQ100),Long," 150,00 ",0.126722,12/08/2025 13:36:50,12/08/2025 13:40:44,20," 0,46 ",0.00," 1,35 ",-,-," 23.673,74 "," 23.684,37 "," 24.271,24 "," 23.087,28 "," 0,00 ",-,CFD,US6311011026,
3099473053,NASDAQ100 Index (Non Expiry) (NSDQ100),Long," 149,99 ",0.126688,12/08/2025 12:58:20,12/08/2025 13:36:27,20," 0,46 ",0.00," 0,32 ",-,-," 23.678,79 "," 23.681,32 "," 23.720,00 "," 23.089,54 "," 0,00 ",-,CFD,US6311011026,
3099493305,NASDAQ100 Index (Non Expiry) (NSDQ100),Long," 119,99 ",0.101554,12/08/2025 13:24:04,12/08/2025 13:28:21,20," 0,36 ",0.00," 0,13 ",-,-," 23.632,78 "," 23.634,03 "," 24.224,62 "," 23.042,94 "," 0,00 ",-,CFD,US6311011026,
3099456281,NASDAQ100 Index (Non Expiry) (NSDQ100),Short," 220,00 ",0.186057,12/08/2025 12:31:27,12/08/2025 13:23:35,20," 0,66 ",0.00," 3,00 ",-,-," 23.648,63 "," 23.632,48 "," 23.054,92 "," 24.237,22 "," 0,00 ",-,CFD,US6311011026,
3099466515,NASDAQ100 Index (Non Expiry) (NSDQ100),Long," 101,99 ",0.086115,12/08/2025 12:46:12,12/08/2025 12:50:43,20," 0,30 ",0.00," 0,24 ",-,-," 23.688,89 "," 23.691,62 "," 24.278,39 "," 23.096,66 "," 0,00 ",-,CFD,US6311011026,
3099461916,NASDAQ100 Index (Non Expiry) (NSDQ100),Short," 149,98 ",0.126632,12/08/2025 12:38:43,12/08/2025 12:46:54,20," 0,46 ",0.00," 0,67 ",-,-," 23.689,02 "," 23.683,69 "," 23.096,84 "," 24.281,20 "," 0,00 ",-,CFD,US6311011026,
3099376727,NASDAQ100 Index (Non Expiry) (NSDQ100),Long," 59,99 ",0.050957,12/08/2025 09:37:07,12/08/2025 12:15:10,20," 0,18 ",0.00," 0,15 ",-,-," 23.548,48 "," 23.551,33 "," 23.568,10 "," 22.959,77 "," 0,00 ",-,CFD,US6311011026,
3099433267,NASDAQ100 Index (Non Expiry) (NSDQ100),Long," 119,99 ",0.102056,12/08/2025 11:51:04,12/08/2025 11:56:39,20," 0,36 ",0.00," 2,01 ",-,-," 23.516,27 "," 23.535,93 "," 23.535,87 "," 22.928,46 "," 0,00 ",-,CFD,US6311011026,
3099401125,NASDAQ100 Index (Non Expiry) (NSDQ100),Long," 60,00 ",0.05096,12/08/2025 09:37:07,12/08/2025 10:32:56,20," 0,18 ",0.00,"(0,52)",-,-," 23.548,48 "," 23.538,33 "," 23.568,10 "," 22.959,77 "," 0,00 ",-,CFD,US6311011026,
3099259690,NASDAQ100 Index (Non Expiry) (NSDQ100),Long," 119,99 ",0.101893,12/08/2025 07:32:03,12/08/2025 07:57:01,20," 0,36 ",0.00," 1,19 ",-,-," 23.553,78 "," 23.565,43 "," 24.141,70 "," 22.964,93 "," 0,00 ",-,CFD,US6311011026,
3099138381,NASDAQ100 Index (Non Expiry) (NSDQ100),Short," 120,00 ",0.101879,12/08/2025 06:30:22,12/08/2025 06:30:37,20," 0,36 ",0.00,"(0,14)",-,-," 23.556,63 "," 23.557,98 "," 22.968,79 "," 24.145,56 "," 0,00 ",-,CFD,US6311011026,
3099137387,NASDAQ100 Index (Non Expiry) (NSDQ100),Long," 119,99 ",0.101915,12/08/2025 06:26:26,12/08/2025 06:28:20,20," 0,36 ",0.00," 0,97 ",-,-," 23.548,88 "," 23.558,43 "," 24.136,27 "," 22.960,16 "," 0,00 ",-,CFD,US6311011026,
3098965253,NASDAQ100 Index (Non Expiry) (NSDQ100),Long," 101,99 ",0.086461,11/08/2025 18:15:11,12/08/2025 05:01:10,20," 0,30 ",0.00,"(2,15)",-,-," 23.594,83 "," 23.569,93 "," 24.181,63 "," 23.004,97 ","(0,50)",-,CFD,US6311011026,
3099078005,NASDAQ100 Index (Non Expiry) (NSDQ100),Long," 101,99 ",0.08673,11/08/2025 22:28:00,11/08/2025 22:56:36,20," 0,30 ",0.00," 1,28 ",-,-," 23.521,07 "," 23.535,83 "," 23.578,72 "," 22.933,04 "," 0,00 ",-,CFD,US6311011026,
3098870141,NASDAQ100 Index (Non Expiry) (NSDQ100),Short," 149,99 ",0.126673,11/08/2025 16:14:22,11/08/2025 17:03:53,20," 0,45 ",0.00," 5,27 ",-,-," 23.683,37 "," 23.641,73 "," 23.090,99 "," 24.275,15 "," 0,00 ",-,CFD,US6311011026,
3097697566,NASDAQ100 Index (Non Expiry) (NSDQ100),Long," 50,49 ",0.042696,11/08/2025 07:01:48,11/08/2025 14:23:25,20," 0,15 ",0.00," 0,37 ",-,-," 23.652,58 "," 23.661,28 "," 24.243,59 "," 23.061,26 "," 0,00 ",-,CFD,US6311011026,
3098660654,NASDAQ100 Index (Non Expiry) (NSDQ100),Long," 50,50 ",0.042706,11/08/2025 07:01:48,11/08/2025 14:13:57,20," 0,16 ",0.00,"(0,34)",-,-," 23.652,58 "," 23.644,58 "," 24.243,59 "," 23.061,26 "," 0,00 ",-,CFD,US6311011026,
3098491986,NASDAQ100 Index (Non Expiry) (NSDQ100),Long," 129,99 ",0.110098,11/08/2025 13:42:27,11/08/2025 14:01:54,20," 0,38 ",0.00," 2,05 ",-,-," 23.615,67 "," 23.634,28 "," 24.204,26 "," 23.025,29 "," 0,00 ",-,CFD,US6311011026,
3097850418,NASDAQ100 Index (Non Expiry) (NSDQ100),Long," 51,00 ",0.043179,11/08/2025 09:33:09,11/08/2025 10:25:39,20," 0,16 ",0.00," 0,34 ",-,-," 23.624,68 "," 23.632,63 "," 24.214,99 "," 23.034,07 "," 0,00 ",-,CFD,US6311011026,
3097856012,NASDAQ100 Index (Non Expiry) (NSDQ100),Long," 50,99 ",0.043171,11/08/2025 09:33:09,11/08/2025 09:42:21,20," 0,15 ",0.00,"(0,35)",-,-," 23.624,68 "," 23.616,53 "," 24.214,99 "," 23.034,07 "," 0,00 ",-,CFD,US6311011026,
3097820091,USD/JPY (USDJPY),Long," 101,00 ",3030,11/08/2025 08:45:02,11/08/2025 09:16:43,30," 0,18 ",-0.01," 1,66 ",0.0068,0.0068," 147,49 "," 147,57 "," 147,69 "," 145,07 "," 0,00 ",-,CFD,,
3097810697,NASDAQ100 Index (Non Expiry) (NSDQ100),Long," 119,99 ",0.101752,11/08/2025 08:27:23,11/08/2025 08:40:25,20," 0,36 ",0.00," 0,97 ",-,-," 23.586,78 "," 23.596,33 "," 24.176,35 "," 22.997,12 "," 0,00 ",-,CFD,US6311011026,
3097791900,NASDAQ100 Index (Non Expiry) (NSDQ100),Long," 101,99 ",0.086444,11/08/2025 07:57:15,11/08/2025 08:00:17,20," 0,30 ",0.00," 0,31 ",-,-," 23.598,88 "," 23.602,43 "," 23.622,02 "," 23.008,91 "," 0,00 ",-,CFD,US6311011026,
3097300366,NASDAQ100 Index (Non Expiry) (NSDQ100),Short," 149,99 ",0.126887,08/08/2025 20:26:49,10/08/2025 23:11:55,20," 0,44 ",0.00," 2,48 ",-,-," 23.643,03 "," 23.623,48 "," 23.051,95 "," 24.234,11 ","(0,13)",-,CFD,US6311011026,
3097068127,NASDAQ100 Index (Non Expiry) (NSDQ100),Long," 101,99 ",0.0867,08/08/2025 15:47:14,08/08/2025 15:50:26,20," 0,30 ",0.00," 2,07 ",-,-," 23.528,66 "," 23.552,48 "," 23.551,73 "," 22.941,46 "," 0,00 ",-,CFD,US6311011026,
3096915635,NASDAQ100 Index (Non Expiry) (NSDQ100),Long," 100,98 ",0.085736,08/08/2025 14:12:34,08/08/2025 15:18:09,20," 0,30 ",0.00," 0,96 ",-,-," 23.558,83 "," 23.569,98 "," 24.149,34 "," 22.971,32 "," 0,00 ",-,CFD,US6311011026,
3096820246,NASDAQ100 Index (Non Expiry) (NSDQ100),Long," 60,19 ",0.051155,08/08/2025 13:47:18,08/08/2025 14:06:23,20," 0,18 ",0.00," 1,00 ",-,-," 23.534,92 "," 23.554,53 "," 23.554,53 "," 22.946,60 "," 0,00 ",-,CFD,US6311011026,
3096875271,NASDAQ100 Index (Non Expiry) (NSDQ100),Long," 59,79 ",0.050812,08/08/2025 13:47:18,08/08/2025 13:54:34,20," 0,18 ",0.00,"(0,66)",-,-," 23.534,92 "," 23.521,89 "," 23.554,53 "," 22.946,60 "," 0,00 ",-,CFD,US6311011026,
3096811954,NASDAQ100 Index (Non Expiry) (NSDQ100),Long," 101,99 ",0.086768,08/08/2025 13:43:18,08/08/2025 13:43:32,20," 0,30 ",0.00,"(0,58)",-,-," 23.510,92 "," 23.504,29 "," 24.096,69 "," 22.923,15 "," 0,00 ",-,CFD,US6311011026,
3096570163,NASDAQ100 Index (Non Expiry) (NSDQ100),Long," 199,98 ",0.170409,08/08/2025 09:32:43,08/08/2025 13:41:57,20," 0,60 ",0.00," 4,34 ",-,-," 23.471,67 "," 23.497,14 "," 23.495,14 "," 22.884,91 "," 0,00 ",-,CFD,US6311011026,
3096608094,USD/JPY (USDJPY),Long," 50,00 ",1500,08/08/2025 10:56:24,08/08/2025 11:26:11,30," 0,09 ",-0.03," 0,17 ",0.0068,0.0068," 147,82 "," 147,84 "," 147,92 "," 145,40 "," 0,00 ",-,CFD,,
3096596822,USD/JPY (USDJPY),Short," 49,99 ",1500,08/08/2025 10:34:23,08/08/2025 11:26:11,30," 0,09 ",-0.01,"(0,94)",0.0068,0.0068," 147,75 "," 147,85 "," 147,65 "," 150,22 "," 0,00 ",-,CFD,,
3096586113,USD/JPY (USDJPY),Long," 50,00 ",1500,08/08/2025 10:11:04,08/08/2025 10:28:48,30," 0,09 ",-0.01," 1,02 ",0.0068,0.0068," 147,67 "," 147,77 "," 147,76 "," 145,25 "," 0,00 ",-,CFD,,
3096355415,NASDAQ100 Index (Non Expiry) (NSDQ100),Long," 129,99 ",0.110814,07/08/2025 22:27:25,08/08/2025 09:32:21,20," 0,40 ",0.00," 0,38 ",-,-," 23.462,67 "," 23.466,14 "," 23.550,00 "," 22.876,11 "," 0,00 ",-,CFD,US6311011026,
3096532278,NASDAQ100 Index (Non Expiry) (NSDQ100),Long," 100,99 ",0.086127,08/08/2025 08:13:35,08/08/2025 09:32:21,20," 0,30 ",0.00," 1,07 ",-,-," 23.453,67 "," 23.466,14 "," 24.040,83 "," 22.868,11 "," 0,00 ",-,CFD,US6311011026,
3096433341,NASDAQ100 Index (Non Expiry) (NSDQ100),Long," 119,99 ",0.102405,08/08/2025 06:22:59,08/08/2025 08:10:01,20," 0,36 ",0.00," 0,94 ",-,-," 23.436,37 "," 23.445,54 "," 24.022,28 "," 22.850,46 "," 0,00 ",-,CFD,US6311011026,
3096428709,NASDAQ100 Index (Non Expiry) (NSDQ100),Long," 100,99 ",0.086255,08/08/2025 06:01:24,08/08/2025 06:22:35,20," 0,30 ",0.00," 1,21 ",-,-," 23.418,07 "," 23.432,14 "," 24.003,73 "," 22.832,81 "," 0,00 ",-,CFD,US6311011026,
3096350322,NASDAQ100 Index (Non Expiry) (NSDQ100),Long," 119,99 ",0.102408,07/08/2025 22:06:10,07/08/2025 22:25:19,20," 0,36 ",0.00," 2,57 ",-,-," 23.435,57 "," 23.460,64 "," 24.021,31 "," 22.849,68 "," 0,00 ",-,CFD,US6311011026,
3096037155,NASDAQ100 Index (Non Expiry) (NSDQ100),Long," 119,98 ",0.102334,07/08/2025 15:00:45,07/08/2025 22:24:29,20," 0,36 ",0.00," 1,17 ",-,-," 23.450,32 "," 23.461,74 "," 23.460,00 "," 22.865,23 ","(0,46)",-,CFD,US6311011026,
3096335329,NASDAQ100 Index (Non Expiry) (NSDQ100),Long," 119,99 ",0.102547,07/08/2025 20:37:28,07/08/2025 22:05:36,20," 0,36 ",0.00," 2,43 ",-,-," 23.404,47 "," 23.428,14 "," 23.450,00 "," 22.819,38 ","(0,57)",-,CFD,US6311011026,
3096319859,NASDAQ100 Index (Non Expiry) (NSDQ100),Long," 100,99 ",0.086451,07/08/2025 19:58:17,07/08/2025 20:36:33,20," 0,30 ",0.00," 2,24 ",-,-," 23.365,61 "," 23.391,55 "," 23.948,76 "," 22.781,47 "," 0,09 ",-,CFD,US6311011026,
3096160388,NASDAQ100 Index (Non Expiry) (NSDQ100),Long," 101,99 ",0.087512,07/08/2025 16:45:29,07/08/2025 19:57:39,20," 0,30 ",0.00," 4,44 ",-,-," 23.310,61 "," 23.361,30 "," 23.895,75 "," 22.730,11 "," 0,00 ",-,CFD,US6311011026,
3096246545,NASDAQ100 Index (Non Expiry) (NSDQ100),Long," 199,98 ",0.172065,07/08/2025 18:20:05,07/08/2025 19:03:35,20," 0,60 ",0.00," 8,64 ",-,-," 23.245,80 "," 23.296,00 "," 23.821,28 "," 22.664,69 "," 0,00 ",-,CFD,US6311011026,
3095890842,NASDAQ100 Index (Non Expiry) (NSDQ100),Long," 140,00 ",0.118896,07/08/2025 14:07:05,07/08/2025 15:00:07,20," 0,42 ",0.00,"(13,34)",-,-," 23.549,83 "," 23.437,59 "," 24.133,25 "," 22.961,09 "," 0,00 ",-,CFD,US6311011026,
3095936339,NASDAQ100 Index (Non Expiry) (NSDQ100),Long," 100,99 ",0.08595,07/08/2025 14:16:52,07/08/2025 15:00:07,20," 0,30 ",0.00,"(5,48)",-,-," 23.501,32 "," 23.437,59 "," 24.089,18 "," 22.914,10 "," 0,00 ",-,CFD,US6311011026,
3095346914,NASDAQ100 Index (Non Expiry) (NSDQ100),Short," 100,99 ",0.086341,07/08/2025 07:47:04,07/08/2025 15:00:07,20," 0,30 ",0.00,"(4,02)",-,-," 23.394,85 "," 23.441,46 "," 22.810,76 "," 23.979,74 "," 0,00 ",-,CFD,US6311011026,
3095977731,NASDAQ100 Index (Non Expiry) (NSDQ100),Short," 121,99 ",0.10408,07/08/2025 14:28:06,07/08/2025 15:00:03,20," 0,36 ",0.00," 0,42 ",-,-," 23.442,14 "," 23.438,06 "," 22.858,75 "," 24.028,22 "," 0,00 ",-,CFD,US6311011026,
3095908187,NASDAQ100 Index (Non Expiry) (NSDQ100),Short," 130,00 ",0.110689,07/08/2025 14:12:17,07/08/2025 14:27:32,20," 0,38 ",0.00," 5,37 ",-,-," 23.489,79 "," 23.441,32 "," 22.900,21 "," 24.074,57 "," 0,00 ",-,CFD,US6311011026,
3095907016,NASDAQ100 Index (Non Expiry) (NSDQ100),Long," 119,98 ",0.102126,07/08/2025 14:11:41,07/08/2025 14:15:26,20," 0,36 ",0.00,"(0,33)",-,-," 23.498,42 "," 23.495,19 "," 24.088,34 "," 22.913,30 "," 0,00 ",-,CFD,US6311011026,
3095888754,NASDAQ100 Index (Non Expiry) (NSDQ100),Short," 120,00 ",0.102012,07/08/2025 14:06:11,07/08/2025 14:10:46,20," 0,36 ",0.00," 3,61 ",-,-," 23.526,09 "," 23.490,72 "," 22.938,52 "," 24.114,25 "," 0,00 ",-,CFD,US6311011026,
3095881894,NASDAQ100 Index (Non Expiry) (NSDQ100),Long," 100,98 ",0.085827,07/08/2025 14:02:54,07/08/2025 14:07:10,20," 0,30 ",0.00," 0,65 ",-,-," 23.533,32 "," 23.540,88 "," 24.121,63 "," 22.945,05 "," 0,00 ",-,CFD,US6311011026,
3095621461,NASDAQ100 Index (Non Expiry) (NSDQ100),Long," 104,99 ",0.08932,07/08/2025 13:10:18,07/08/2025 14:00:40,20," 0,32 ",0.00," 4,18 ",-,-," 23.510,97 "," 23.557,73 "," 24.098,54 "," 22.923,20 "," 0,00 ",-,CFD,US6311011026,
3095622917,NASDAQ100 Index (Non Expiry) (NSDQ100),Short," 130,00 ",0.110636,07/08/2025 13:12:57,07/08/2025 13:47:26,20," 0,38 ",0.00," 1,91 ",-,-," 23.500,64 "," 23.483,42 "," 22.912,93 "," 24.087,95 "," 0,00 ",-,CFD,US6311011026,
3095521774,NASDAQ100 Index (Non Expiry) (NSDQ100),Long," 100,00 ",0.085094,07/08/2025 11:15:36,07/08/2025 13:09:32,20," 0,30 ",0.00," 0,17 ",-,-," 23.503,87 "," 23.505,84 "," 24.092,54 "," 22.917,30 "," 0,00 ",-,CFD,US6311011026,
3095588580,NASDAQ100 Index (Non Expiry) (NSDQ100),Long," 99,99 ",0.085087,07/08/2025 11:15:36,07/08/2025 12:23:10,20," 0,30 ",0.00,"(1,24)",-,-," 23.503,87 "," 23.489,34 "," 24.092,54 "," 22.917,30 "," 0,00 ",-,CFD,US6311011026,
3095380703,NASDAQ100 Index (Non Expiry) (NSDQ100),Long," 99,99 ",0.085272,07/08/2025 08:28:07,07/08/2025 09:00:56,20," 0,30 ",0.00,"(1,03)",-,-," 23.454,77 "," 23.442,64 "," 24.040,01 "," 22.868,42 "," 0,00 ",-,CFD,US6311011026,
3095334324,NASDAQ100 Index (Non Expiry) (NSDQ100),Long," 59,99 ",0.051321,07/08/2025 07:28:48,07/08/2025 07:46:53,20," 0,18 ",0.00," 0,73 ",-,-," 23.380,76 "," 23.395,05 "," 23.964,46 "," 22.796,26 "," 0,00 ",-,CFD,US6311011026,
3095341729,NASDAQ100 Index (Non Expiry) (NSDQ100),Long," 60,00 ",0.05133,07/08/2025 07:28:48,07/08/2025 07:37:49,20," 0,18 ",0.00," 0,00 ",-,-," 23.380,76 "," 23.380,75 "," 23.964,46 "," 22.796,26 "," 0,00 ",-,CFD,US6311011026,
3095278070,NASDAQ100 Index (Non Expiry) (NSDQ100),Long," 74,99 ",0.064173,07/08/2025 06:58:13,07/08/2025 07:12:08,20," 0,22 ",0.00," 0,71 ",-,-," 23.372,56 "," 23.383,65 "," 23.957,49 "," 22.788,83 "," 0,00 ",-,CFD,US6311011026,
3095295294,NASDAQ100 Index (Non Expiry) (NSDQ100),Long," 75,01 ",0.064182,07/08/2025 06:58:13,07/08/2025 07:02:25,20," 0,22 ",0.00,"(0,60)",-,-," 23.372,56 "," 23.363,15 "," 23.957,49 "," 22.788,83 "," 0,00 ",-,CFD,US6311011026,
3095240374,NASDAQ100 Index (Non Expiry) (NSDQ100),Long," 119,99 ",0.102757,07/08/2025 04:54:26,07/08/2025 06:57:55,20," 0,36 ",0.00," 1,49 ",-,-," 23.356,06 "," 23.370,55 "," 23.940,12 "," 22.772,30 "," 0,00 ",-,CFD,US6311011026,
3095176245,NASDAQ100 Index (Non Expiry) (NSDQ100),Long," 150,00 ",0.128739,06/08/2025 20:09:42,07/08/2025 04:53:48,20," 0,46 ",0.00," 6,17 ",-,-," 23.303,26 "," 23.351,15 "," 23.886,05 "," 22.720,87 ","(0,71)",-,CFD,US6311011026,
3095119018,NASDAQ100 Index (Non Expiry) (NSDQ100),Long," 100,99 ",0.086652,06/08/2025 18:47:39,06/08/2025 19:40:51,20," 0,30 ",0.00," 0,93 ",-,-," 23.311,51 "," 23.322,30 "," 23.894,22 "," 22.728,72 "," 0,00 ",-,CFD,US6311011026,
3094936532,NASDAQ100 Index (Non Expiry) (NSDQ100),Long," 149,99 ",0.128896,06/08/2025 17:46:51,06/08/2025 18:45:04,20," 0,46 ",0.00," 4,50 ",-,-," 23.273,81 "," 23.308,70 "," 23.855,76 "," 22.692,06 "," 0,00 ",-,CFD,US6311011026,
3088524142,NASDAQ100 Index (Non Expiry) (NSDQ100),Long," 182,77 ",0.102578,31/07/2025 17:19:52,06/08/2025 17:46:28,20," 0,36 ",0.00,"(13,34)",-,-," 23.396,91 "," 23.266,90 "," 23.981,73 "," 22.200,00 ","(3,36)",-,CFD,US6311011026,
3088420955,NASDAQ100 Index (Non Expiry) (NSDQ100),Long," 119,33 ",0.064375,31/07/2025 16:11:35,06/08/2025 17:46:28,20," 0,22 ",0.00,"(12,89)",-,-," 23.467,12 "," 23.266,90 "," 24.054,30 "," 22.200,00 ","(2,12)",-,CFD,US6311011026,
3088535538,NASDAQ100 Index (Non Expiry) (NSDQ100),Long," 85,20 ",0.050053,31/07/2025 17:30:26,06/08/2025 17:39:20,20," 0,18 ",0.00,"(2,42)",-,-," 23.319,21 "," 23.270,80 "," 39.455,33 "," 22.200,00 ","(1,64)",-,CFD,US6311011026,
3094924039,NASDAQ100 Index (Non Expiry) (NSDQ100),Long," 206,76 ",0.12147,31/07/2025 17:30:26,06/08/2025 17:29:21,20," 0,42 ",0.00,"(6,54)",-,-," 23.319,21 "," 23.265,40 "," 39.455,33 "," 22.200,00 ","(3,97)",-,CFD,US6311011026,
3093469362,NASDAQ100 Index (Non Expiry) (NSDQ100),Long," 86,93 ",0.052321,05/08/2025 11:13:00,06/08/2025 16:47:46,20," 0,18 ",0.00,"(2,01)",-,-," 23.279,56 "," 23.241,21 "," 23.289,26 "," 22.200,00 ","(0,29)",-,CFD,US6311011026,
3093739601,NASDAQ100 Index (Non Expiry) (NSDQ100),Long," 82,03 ",0.051704,05/08/2025 14:14:18,06/08/2025 15:18:54,20," 0,18 ",0.00,"(0,28)",-,-," 23.206,40 "," 23.201,01 "," 23.250,00 "," 22.200,00 ","(0,29)",-,CFD,US6311011026,
3094642252,NASDAQ100 Index (Non Expiry) (NSDQ100),Long," 82,04 ",0.051715,05/08/2025 14:14:18,06/08/2025 14:07:05,20," 0,18 ",0.00,"(1,78)",-,-," 23.206,40 "," 23.171,91 "," 23.250,00 "," 22.200,00 ","(0,29)",-,CFD,US6311011026,
3094328826,NASDAQ100 Index (Non Expiry) (NSDQ100),Long," 59,96 ",0.051873,06/08/2025 08:07:44,06/08/2025 14:02:24,20," 0,18 ",0.00,"(0,11)",-,-," 23.119,34 "," 23.117,22 "," 23.196,40 "," 22.541,36 "," 0,00 ",-,CFD,US6311011026,
3094548157,NASDAQ100 Index (Non Expiry) (NSDQ100),Long," 128,99 ",0.111697,06/08/2025 13:36:18,06/08/2025 14:01:59,20," 0,38 ",0.00," 1,84 ",-,-," 23.097,63 "," 23.114,12 "," 23.676,79 "," 22.521,83 "," 0,00 ",-,CFD,US6311011026,
3094545979,NASDAQ100 Index (Non Expiry) (NSDQ100),Long," 60,03 ",0.051936,06/08/2025 08:07:44,06/08/2025 13:35:03,20," 0,18 ",0.00,"(0,43)",-,-," 23.119,34 "," 23.111,02 "," 23.196,40 "," 22.541,36 "," 0,00 ",-,CFD,US6311011026,
3094535108,NASDAQ100 Index (Non Expiry) (NSDQ100),Long," 119,98 ",0.104035,06/08/2025 13:31:11,06/08/2025 13:31:33,20," 0,36 ",0.00," 2,22 ",-,-," 23.066,19 "," 23.087,57 "," 23.643,99 "," 22.490,63 "," 0,00 ",-,CFD,US6311011026,
3094478510,NASDAQ100 Index (Non Expiry) (NSDQ100),Long," 129,98 ",0.112706,06/08/2025 13:01:06,06/08/2025 13:19:21,20," 0,38 ",0.00," 1,09 ",-,-," 23.067,74 "," 23.077,37 "," 23.645,46 "," 22.492,02 "," 0,00 ",-,CFD,US6311011026,
3094381303,NASDAQ100 Index (Non Expiry) (NSDQ100),Long," 119,99 ",0.104159,06/08/2025 09:33:07,06/08/2025 11:10:11,20," 0,36 ",0.00," 2,13 ",-,-," 23.041,34 "," 23.061,77 "," 34.550,52 "," 22.465,60 "," 0,00 ",-,CFD,US6311011026,
3094279626,NASDAQ100 Index (Non Expiry) (NSDQ100),Long," 119,99 ",0.103894,06/08/2025 07:12:25,06/08/2025 08:06:23,20," 0,36 ",0.00," 0,97 ",-,-," 23.100,34 "," 23.109,67 "," 34.608,91 "," 22.523,03 "," 0,00 ",-,CFD,US6311011026,
3094022680,NASDAQ100 Index (Non Expiry) (NSDQ100),Long," 81,00 ",0.056647,05/08/2025 18:45:28,06/08/2025 06:01:54,20," 0,20 ",0.00," 1,22 ",-,-," 23.053,69 "," 23.075,27 "," 23.150,00 "," 22.200,00 ","(0,31)",-,CFD,US6311011026,
3094164978,NASDAQ100 Index (Non Expiry) (NSDQ100),Long," 64,69 ",0.056124,05/08/2025 18:45:28,05/08/2025 20:17:20,20," 0,20 ",0.00,"(0,27)",-,-," 23.053,69 "," 23.048,87 "," 23.150,00 "," 22.477,64 "," 0,00 ",-,CFD,US6311011026,
3093915265,NASDAQ100 Index (Non Expiry) (NSDQ100),Long," 101,99 ",0.088327,05/08/2025 16:23:47,05/08/2025 17:44:21,20," 0,30 ",0.00," 0,98 ",-,-," 23.095,19 "," 23.106,32 "," 23.673,10 "," 22.518,32 "," 0,00 ",-,CFD,US6311011026,
3093827369,NASDAQ100 Index (Non Expiry) (NSDQ100),Long," 65,18 ",0.056472,05/08/2025 15:02:42,05/08/2025 16:23:34,20," 0,20 ",0.00," 0,54 ",-,-," 23.084,43 "," 23.093,97 "," 23.658,73 "," 22.507,37 "," 0,00 ",-,CFD,US6311011026,
3093906440,NASDAQ100 Index (Non Expiry) (NSDQ100),Long," 64,80 ",0.056149,05/08/2025 15:02:42,05/08/2025 16:12:08,20," 0,19 ",0.00,"(0,30)",-,-," 23.084,43 "," 23.079,07 "," 23.658,73 "," 22.507,37 "," 0,00 ",-,CFD,US6311011026,
3093720099,NASDAQ100 Index (Non Expiry) (NSDQ100),Long," 149,99 ",0.129267,05/08/2025 14:06:05,05/08/2025 14:11:38,20," 0,44 ",0.00," 1,61 ",-,-," 23.205,84 "," 23.218,31 "," 23.260,00 "," 22.630,24 "," 0,00 ",-,CFD,US6311011026,
3093599913,NASDAQ100 Index (Non Expiry) (NSDQ100),Long," 119,98 ",0.103429,05/08/2025 13:35:15,05/08/2025 13:39:22,20," 0,36 ",0.00," 3,56 ",-,-," 23.202,30 "," 23.236,71 "," 23.780,82 "," 22.622,29 "," 0,00 ",-,CFD,US6311011026,
3093517178,NASDAQ100 Index (Non Expiry) (NSDQ100),Long," 59,09 ",0.050772,05/08/2025 11:13:00,05/08/2025 12:46:00,20," 0,18 ",0.00,"(0,93)",-,-," 23.279,56 "," 23.261,16 "," 23.289,26 "," 22.697,67 "," 0,00 ",-,CFD,US6311011026,
3093454151,NASDAQ100 Index (Non Expiry) (NSDQ100),Long," 119,99 ",0.103188,05/08/2025 10:40:36,05/08/2025 11:11:58,20," 0,36 ",0.00," 1,45 ",-,-," 23.258,15 "," 23.272,25 "," 23.296,91 "," 22.676,69 "," 0,00 ",-,CFD,US6311011026,
3088626940,NASDAQ100 Index (Non Expiry) (NSDQ100),Long," 62,19 ",0.037369,31/07/2025 18:59:26,05/08/2025 11:11:54,20," 0,14 ",0.00,"(0,40)",-,-," 23.282,25 "," 23.271,65 "," 23.300,00 "," 22.200,00 ","(1,02)",-,CFD,US6311011026,
3093428696,NASDAQ100 Index (Non Expiry) (NSDQ100),Long," 150,00 ",0.129159,05/08/2025 09:52:40,05/08/2025 10:39:49,20," 0,44 ",0.00," 3,29 ",-,-," 23.227,15 "," 23.252,66 "," 23.296,83 "," 22.646,47 "," 0,00 ",-,CFD,US6311011026,
3093376259,NASDAQ100 Index (Non Expiry) (NSDQ100),Long," 129,99 ",0.112018,05/08/2025 08:10:26,05/08/2025 09:52:32,20," 0,38 ",0.00," 1,54 ",-,-," 23.210,35 "," 23.224,06 "," 34.880,83 "," 22.630,09 "," 0,00 ",-,CFD,US6311011026,
3093317250,NASDAQ100 Index (Non Expiry) (NSDQ100),Long," 119,99 ",0.103168,05/08/2025 07:02:52,05/08/2025 07:05:05,20," 0,36 ",0.00," 0,44 ",-,-," 23.262,45 "," 23.266,75 "," 23.844,47 "," 22.681,33 "," 0,00 ",-,CFD,US6311011026,
3093289895,NASDAQ100 Index (Non Expiry) (NSDQ100),Long," 152,26 ",0.091485,31/07/2025 18:59:26,05/08/2025 06:54:21,20," 0,32 ",0.00,"(1,13)",-,-," 23.282,25 "," 23.269,85 "," 23.300,00 "," 22.200,00 ","(2,49)",-,CFD,US6311011026,
3088727330,NASDAQ100 Index (Non Expiry) (NSDQ100),Long," 79,52 ",0.049672,31/07/2025 20:49:06,04/08/2025 20:20:24,20," 0,18 ",0.00,"(0,55)",-,-," 23.220,35 "," 23.209,36 "," 32.521,45 "," 22.200,00 ","(1,12)",-,CFD,US6311011026,
3093172691,NASDAQ100 Index (Non Expiry) (NSDQ100),Long," 168,68 ",0.105368,31/07/2025 20:49:06,04/08/2025 20:05:15,20," 0,36 ",0.00,"(2,03)",-,-," 23.220,35 "," 23.201,06 "," 32.521,45 "," 22.200,00 ","(2,36)",-,CFD,US6311011026,
3088710451,NASDAQ100 Index (Non Expiry) (NSDQ100),Long," 72,48 ",0.04482,31/07/2025 20:04:27,04/08/2025 19:58:19,20," 0,16 ",0.00,"(2,26)",-,-," 23.236,15 "," 23.185,81 "," 23.319,96 "," 22.200,00 ","(1,02)",-,CFD,US6311011026,
3092554070,NASDAQ100 Index (Non Expiry) (NSDQ100),Long," 101,99 ",0.088187,04/08/2025 14:29:53,04/08/2025 16:17:57,20," 0,30 ",0.00," 1,06 ",-,-," 23.131,29 "," 23.143,31 "," 23.710,58 "," 22.553,96 "," 0,00 ",-,CFD,US6311011026,
3092552299,NASDAQ100 Index (Non Expiry) (NSDQ100),Long," 136,27 ",0.084275,31/07/2025 20:04:27,04/08/2025 14:29:05,20," 0,29 ",0.00,"(8,94)",-,-," 23.236,15 "," 23.130,12 "," 23.319,96 "," 22.200,00 ","(1,91)",-,CFD,US6311011026,
3092252402,NASDAQ100 Index (Non Expiry) (NSDQ100),Long," 119,99 ",0.104148,04/08/2025 13:37:47,04/08/2025 13:38:43,20," 0,36 ",0.00," 0,55 ",-,-," 23.043,79 "," 23.049,07 "," 23.100,00 "," 22.467,69 "," 0,00 ",-,CFD,US6311011026,
3089246664,NASDAQ100 Index (Non Expiry) (NSDQ100),Long," 57,98 ",0.041974,01/08/2025 12:46:49,04/08/2025 13:36:48,20," 0,14 ",0.00," 1,21 ",-,-," 23.006,23 "," 23.035,17 "," 34.409,46 "," 22.200,00 ","(0,72)",-,CFD,US6311011026,
3092174359,NASDAQ100 Index (Non Expiry) (NSDQ100),Long," 86,11 ",0.062336,01/08/2025 12:46:49,04/08/2025 13:30:29,20," 0,22 ",0.00,"(1,04)",-,-," 23.006,23 "," 22.989,53 "," 34.409,46 "," 22.200,00 ","(1,06)",-,CFD,US6311011026,
3091476261,NASDAQ100 Index (Non Expiry) (NSDQ100),Long," 129,99 ",0.113318,04/08/2025 09:52:55,04/08/2025 12:34:45,20," 0,38 ",0.00," 1,21 ",-,-," 22.944,53 "," 22.955,18 "," 23.517,68 "," 22.370,93 "," 0,00 ",-,CFD,US6311011026,
3091378264,NASDAQ100 Index (Non Expiry) (NSDQ100),Long," 119,99 ",0.104706,04/08/2025 07:34:53,04/08/2025 09:49:26,20," 0,36 ",0.00," 2,40 ",-,-," 22.920,63 "," 22.943,58 "," 34.363,83 "," 22.347,60 "," 0,00 ",-,CFD,US6311011026,
3091227413,NASDAQ100 Index (Non Expiry) (NSDQ100),Long," 150,00 ",0.131102,04/08/2025 06:13:59,04/08/2025 07:33:15,20," 0,46 ",0.00," 3,39 ",-,-," 22.883,63 "," 22.909,48 "," 23.000,00 "," 22.311,56 "," 0,00 ",-,CFD,US6311011026,
3091201182,NASDAQ100 Index (Non Expiry) (NSDQ100),Long," 119,99 ",0.10504,04/08/2025 02:35:42,04/08/2025 05:06:08,20," 0,36 ",0.00," 0,47 ",-,-," 22.847,82 "," 22.852,29 "," 23.419,73 "," 22.277,31 "," 0,00 ",-,CFD,US6311011026,
3090462770,NASDAQ100 Index (Non Expiry) (NSDQ100),Long," 100,99 ",0.08863,01/08/2025 18:36:19,04/08/2025 02:35:14,20," 0,30 ",0.00," 4,93 ",-,-," 22.791,61 "," 22.847,29 "," 33.921,97 "," 22.221,83 ","(1,51)",-,CFD,US6311011026,
3091036817,NASDAQ100 Index (Non Expiry) (NSDQ100),Long," 100,99 ",0.088848,03/08/2025 22:17:40,03/08/2025 22:43:03,20," 0,30 ",0.00," 3,72 ",-,-," 22.735,72 "," 22.777,59 "," 22.800,00 "," 22.167,34 "," 0,00 ",-,CFD,US6311011026,
3090377177,NASDAQ100 Index (Non Expiry) (NSDQ100),Long," 150,00 ",0.131893,01/08/2025 17:34:36,01/08/2025 18:33:52,20," 0,46 ",0.00," 4,05 ",-,-," 22.745,47 "," 22.776,19 "," 23.316,02 "," 22.178,66 "," 0,00 ",-,CFD,US6311011026,
3090358723,NASDAQ100 Index (Non Expiry) (NSDQ100),Long," 119,99 ",0.105579,01/08/2025 17:17:55,01/08/2025 17:34:18,20," 0,36 ",0.00," 1,59 ",-,-," 22.732,40 "," 22.747,49 "," 23.299,85 "," 22.164,11 "," 0,00 ",-,CFD,US6311011026,
3089695149,NASDAQ100 Index (Non Expiry) (NSDQ100),Long," 123,26 ",0.105252,01/08/2025 13:47:28,01/08/2025 14:17:14,20," 0,36 ",0.00," 0,94 ",-,-," 22.801,17 "," 22.810,09 "," 22.850,00 "," 22.200,00 "," 0,00 ",-,CFD,US6311011026,
3089233578,NASDAQ100 Index (Non Expiry) (NSDQ100),Long," 119,98 ",0.10457,01/08/2025 12:34:11,01/08/2025 12:37:20,20," 0,36 ",0.00," 4,13 ",-,-," 22.949,23 "," 22.988,68 "," 23.525,83 "," 22.378,23 "," 0,00 ",-,CFD,US6311011026,
3089062260,NASDAQ100 Index (Non Expiry) (NSDQ100),Long," 101,99 ",0.0887,01/08/2025 09:02:27,01/08/2025 12:15:40,20," 0,30 ",0.00,"(0,07)",-,-," 22.998,83 "," 22.998,08 "," 23.572,72 "," 22.423,86 "," 0,00 ",-,CFD,US6311011026,